model_type,aic
spline_model,31851.589832699527
linear_model,31908.215783361633
null_model,39408.969096879664
