model_type,aic
spline_model,28343.23675679475
piecewise_model_277,28400.42791200008
piecewise_model_275,28455.322934971002
piecewise_model_273,28462.10222574645
linear_model,28470.883777866366
null_model,35969.89072148704
