model_type,aic
spline_model,28343.23675679476
linear_model,28470.883777866507
null_model,35969.890721478456
