model_type,aic
piecewise_model_275,31809.703493017958
spline_model,31851.589832699512
piecewise_model_277,31875.702792211767
piecewise_model_273,31893.442516300995
linear_model,31908.215783361702
null_model,39408.96909688443
